{
  "project_info": {
    "project_number": "850760176411",
    "firebase_url": "https://instagram-165e2.firebaseio.com",
    "project_id": "instagram-165e2",
    "storage_bucket": "instagram-165e2.appspot.com"
  },
  "client": [
    {
      "client_info": {
        "mobilesdk_app_id": "1:850760176411:android:ceaa41b5778e0d76",
        "android_client_info": {
          "package_name": "steven.net.mascota"
        }
      },
      "oauth_client": [
        {
          "client_id": "850760176411-bt6g5gspq4vmbnu30s5s3vqilk7q2vg4.apps.googleusercontent.com",
          "client_type": 1,
          "android_info": {
            "package_name": "steven.net.mascota",
            "certificate_hash": "C241303AD42E6600FFCAB5D1B594AD1C78AAEF48"
          }
        },
        {
          "client_id": "850760176411-890bduopvgm1gpqms3t2rqneg9gnus65.apps.googleusercontent.com",
          "client_type": 3
        }
      ],
      "api_key": [
        {
          "current_key": "AIzaSyBp17OpYhlVGDMqeI-y03Xe7v0lY-JmQWQ"
        }
      ],
      "services": {
        "analytics_service": {
          "status": 1
        },
        "appinvite_service": {
          "status": 2,
          "other_platform_oauth_client": [
            {
              "client_id": "850760176411-890bduopvgm1gpqms3t2rqneg9gnus65.apps.googleusercontent.com",
              "client_type": 3
            }
          ]
        },
        "ads_service": {
          "status": 2
        }
      }
    }
  ],
  "configuration_version": "1"
}